,0,1,2,3
0,Projects,Parent,Contributors,Size
1,"{'f': 'BlockchainProjects', 'v': 'BlockchainProjects'}",,0,0
2,"{'f': 'Terracoin', 'v': 'Terracoin'}",BlockchainProjects,0,4365975
3,"{'f': 'trcninja-fe', 'v': 'trcninja-fe-Terracoin'}",Terracoin,0.6116207951070336,6188
4,"{'f': 'insight-ui-terracoin', 'v': 'insight-ui-terracoin-Terracoin'}",Terracoin,7.64525993883792,2840
5,"{'f': 'terracoin-seeder', 'v': 'terracoin-seeder-Terracoin'}",Terracoin,3.669724770642202,204
6,"{'f': 'bitcore-node-terracoin', 'v': 'bitcore-node-terracoin-Terracoin'}",Terracoin,5.198776758409786,38600
7,"{'f': 'insight-api-terracoin', 'v': 'insight-api-terracoin-Terracoin'}",Terracoin,7.64525993883792,3008
8,"{'f': 'bitcore-terracoin', 'v': 'bitcore-terracoin-Terracoin'}",Terracoin,8.56269113149847,14947
9,"{'f': 'terracoin', 'v': 'terracoin-Terracoin'}",Terracoin,6.422018348623854,63891
10,"{'f': 'bitcore-message-terracoin', 'v': 'bitcore-message-terracoin-Terracoin'}",Terracoin,2.7522935779816518,632
11,"{'f': 'sentinel', 'v': 'sentinel-Terracoin'}",Terracoin,2.7522935779816518,1126
12,"{'f': 'terracoin-util', 'v': 'terracoin-util-Terracoin'}",Terracoin,0.9174311926605505,23
13,"{'f': 'website', 'v': 'website-Terracoin'}",Terracoin,0.6116207951070336,1979
14,"{'f': 'bitcore-wallet-service-terracoin', 'v': 'bitcore-wallet-service-terracoin-Terracoin'}",Terracoin,8.256880733944955,2532
15,"{'f': 'trcninja-dbdump', 'v': 'trcninja-dbdump-Terracoin'}",Terracoin,0.6116207951070336,83
16,"{'f': 'trcninja-ctl', 'v': 'trcninja-ctl-Terracoin'}",Terracoin,0.9174311926605505,217
17,"{'f': 'bitcore-lib-terracoin', 'v': 'bitcore-lib-terracoin-Terracoin'}",Terracoin,7.951070336391437,12432
18,"{'f': 'bitcore-build-terracoin', 'v': 'bitcore-build-terracoin-Terracoin'}",Terracoin,2.7522935779816518,114
19,"{'f': 'gitian.sigs', 'v': 'gitian.sigs-Terracoin'}",Terracoin,0.3058103975535168,140
20,"{'f': 'bitcore-ecies-terracoin', 'v': 'bitcore-ecies-terracoin-Terracoin'}",Terracoin,3.669724770642202,963
21,"{'f': 'bitcore-p2p-terracoin', 'v': 'bitcore-p2p-terracoin-Terracoin'}",Terracoin,5.81039755351682,776
22,"{'f': 'bitcoind-rpc-terracoin', 'v': 'bitcoind-rpc-terracoin-Terracoin'}",Terracoin,3.9755351681957185,80
23,"{'f': 'bitcore-payment-protocol-terracoin', 'v': 'bitcore-payment-protocol-terracoin-Terracoin'}",Terracoin,5.198776758409786,2984
24,"{'f': 'trcninja-be', 'v': 'trcninja-be-Terracoin'}",Terracoin,0.6116207951070336,65
25,"{'f': 'webcoin-params-terracoin', 'v': 'webcoin-params-terracoin-Terracoin'}",Terracoin,0.6116207951070336,21
26,"{'f': 'bitcore-mnemonic-terracoin', 'v': 'bitcore-mnemonic-terracoin-Terracoin'}",Terracoin,3.669724770642202,2977
27,"{'f': 'webcoin-terracoin', 'v': 'webcoin-terracoin-Terracoin'}",Terracoin,1.2232415902140672,34
28,"{'f': 'terracoin-protocol', 'v': 'terracoin-protocol-Terracoin'}",Terracoin,1.2232415902140672,86
29,"{'f': 'trcninja-db', 'v': 'trcninja-db-Terracoin'}",Terracoin,0.6116207951070336,64
30,"{'f': 'bitcore-wallet-client-terracoin', 'v': 'bitcore-wallet-client-terracoin-Terracoin'}",Terracoin,5.81039755351682,24547
31,"{'f': 'Symbiont', 'v': 'Symbiont'}",BlockchainProjects,0,138
32,"{'f': 'Stellar', 'v': 'Stellar'}",BlockchainProjects,0,15522605
33,"{'f': 'stellar-wallet', 'v': 'stellar-wallet-Stellar'}",Stellar,2.0408163265306123,388
34,"{'f': 'stellar-protocol', 'v': 'stellar-protocol-Stellar'}",Stellar,3.4013605442176873,64
35,"{'f': 'stex', 'v': 'stex-Stellar'}",Stellar,2.7210884353741496,206
36,"{'f': 'ruby-stellar-base', 'v': 'ruby-stellar-base-Stellar'}",Stellar,1.7006802721088436,456
37,"{'f': 'sjcl', 'v': 'sjcl-Stellar'}",Stellar,7.482993197278912,12800
38,"{'f': 'docs', 'v': 'docs-Stellar'}",Stellar,8.843537414965986,1554
39,"{'f': 'stellar-viewer', 'v': 'stellar-viewer-Stellar'}",Stellar,1.7006802721088436,342
40,"{'f': 'stellar-lib', 'v': 'stellar-lib-Stellar'}",Stellar,9.183673469387756,11452
41,"{'f': 'js-stellar-base', 'v': 'js-stellar-base-Stellar'}",Stellar,4.761904761904762,3321
42,"{'f': 'sjcl-scrypt', 'v': 'sjcl-scrypt-Stellar'}",Stellar,0.3401360544217687,119
43,"{'f': 'tweetnacl-js', 'v': 'tweetnacl-js-Stellar'}",Stellar,1.3605442176870748,3521
44,"{'f': 'generator-interstellar', 'v': 'generator-interstellar-Stellar'}",Stellar,1.0204081632653061,157
45,"{'f': 'cpptoml', 'v': 'cpptoml-Stellar'}",Stellar,0.6802721088435374,432
46,"{'f': 'ruby-xdr', 'v': 'ruby-xdr-Stellar'}",Stellar,1.0204081632653061,119
47,"{'f': 'js-stellar-sdk', 'v': 'js-stellar-sdk-Stellar'}",Stellar,4.421768707482993,4852
48,"{'f': 'stex-dev', 'v': 'stex-dev-Stellar'}",Stellar,0.3401360544217687,238
49,"{'f': 'stellar-wallet-js-sdk', 'v': 'stellar-wallet-js-sdk-Stellar'}",Stellar,1.0204081632653061,1469
50,"{'f': 'angular-re-captcha', 'v': 'angular-re-captcha-Stellar'}",Stellar,1.7006802721088436,277
51,"{'f': 'vagrant-examples', 'v': 'vagrant-examples-Stellar'}",Stellar,1.0204081632653061,224
52,"{'f': 'go-stellar-base', 'v': 'go-stellar-base-Stellar'}",Stellar,1.7006802721088436,368
53,"{'f': 'medida', 'v': 'medida-Stellar'}",Stellar,0.6802721088435374,1577
54,"{'f': 'libsodium', 'v': 'libsodium-Stellar'}",Stellar,8.503401360544217,5831
55,"{'f': 'horizon-importer', 'v': 'horizon-importer-Stellar'}",Stellar,1.7006802721088436,1601
56,"{'f': 'ruby-stellar-sdk', 'v': 'ruby-stellar-sdk-Stellar'}",Stellar,2.7210884353741496,80
57,"{'f': 'stellard', 'v': 'stellard-Stellar'}",Stellar,8.503401360544217,48430
58,"{'f': 'js-xdr', 'v': 'js-xdr-Stellar'}",Stellar,1.3605442176870748,788
59,"{'f': 'xdrgen', 'v': 'xdrgen-Stellar'}",Stellar,2.380952380952381,197
60,"{'f': 'stellar-core', 'v': 'stellar-core-Stellar'}",Stellar,9.523809523809524,14594
61,"{'f': 'stellar-client', 'v': 'stellar-client-Stellar'}",Stellar,6.802721088435375,4907
62,"{'f': 'stories', 'v': 'stories-Stellar'}",Stellar,1.3605442176870748,8279
63,"{'f': 'Skuchain', 'v': 'Skuchain'}",BlockchainProjects,0,202072
64,"{'f': 'TuxedoPops', 'v': 'TuxedoPops-Skuchain'}",Skuchain,14.814814814814813,28155
65,"{'f': 'kevlar', 'v': 'kevlar-Skuchain'}",Skuchain,14.814814814814813,18748
66,"{'f': 'asn1.js', 'v': 'asn1.js-Skuchain'}",Skuchain,55.55555555555556,217
67,"{'f': 'utxo', 'v': 'utxo-Skuchain'}",Skuchain,3.7037037037037033,79
68,"{'f': 'bitcore-lib', 'v': 'bitcore-lib-Skuchain'}",Skuchain,3.7037037037037033,1030
69,"{'f': 'vend', 'v': 'vend-Skuchain'}",Skuchain,3.7037037037037033,9870
70,"{'f': 'kevlar-EVM', 'v': 'kevlar-EVM-Skuchain'}",Skuchain,3.7037037037037033,9
71,"{'f': 'Ripple', 'v': 'Ripple'}",BlockchainProjects,0,6304985
72,"{'f': 'simulator', 'v': 'simulator-Ripple'}",Ripple,1.5444015444015444,161
73,"{'f': 'ripple-demurrage-tool', 'v': 'ripple-demurrage-tool-Ripple'}",Ripple,0.3861003861003861,548
74,"{'f': 'x-address-codec', 'v': 'x-address-codec-Ripple'}",Ripple,0.7722007722007722,243
75,"{'f': 'passport-ripple', 'v': 'passport-ripple-Ripple'}",Ripple,0.7722007722007722,6
76,"{'f': 'bower-ripple', 'v': 'bower-ripple-Ripple'}",Ripple,0.3861003861003861,13251
77,"{'f': 'ripple-authd', 'v': 'ripple-authd-Ripple'}",Ripple,1.1583011583011582,283
78,"{'f': 'rippled', 'v': 'rippled-Ripple'}",Ripple,10.038610038610038,93413
79,"{'f': 'validator-registry-api', 'v': 'validator-registry-api-Ripple'}",Ripple,0.7722007722007722,513
80,"{'f': 'javascript-style-guide', 'v': 'javascript-style-guide-Ripple'}",Ripple,10.81081081081081,175
81,"{'f': 'ripple-lib-cli', 'v': 'ripple-lib-cli-Ripple'}",Ripple,0.3861003861003861,174
82,"{'f': 'ripple-client', 'v': 'ripple-client-Ripple'}",Ripple,10.038610038610038,23021
83,"{'f': 'ripplecharts-frontend', 'v': 'ripplecharts-frontend-Ripple'}",Ripple,2.3166023166023164,5355
84,"{'f': 'ripple-domain-verifier', 'v': 'ripple-domain-verifier-Ripple'}",Ripple,1.5444015444015444,25
85,"{'f': 'docker-fdb-server', 'v': 'docker-fdb-server-Ripple'}",Ripple,0.7722007722007722,132
86,"{'f': 'ripple-vault-client', 'v': 'ripple-vault-client-Ripple'}",Ripple,2.7027027027027026,312
87,"{'f': 'ripple-lib-extensions', 'v': 'ripple-lib-extensions-Ripple'}",Ripple,2.7027027027027026,350
88,"{'f': 'Downloads', 'v': 'Downloads-Ripple'}",Ripple,1.1583011583011582,384080
89,"{'f': 'ripple-data-api', 'v': 'ripple-data-api-Ripple'}",Ripple,2.7027027027027026,3009
90,"{'f': 'ripple-lib', 'v': 'ripple-lib-Ripple'}",Ripple,10.038610038610038,14105
91,"{'f': 'ripple-client-desktop', 'v': 'ripple-client-desktop-Ripple'}",Ripple,10.038610038610038,14633
92,"{'f': 'ripple-lib-java', 'v': 'ripple-lib-java-Ripple'}",Ripple,3.088803088803089,9796
93,"{'f': 'ripple-blobvault', 'v': 'ripple-blobvault-Ripple'}",Ripple,3.861003861003861,5097
94,"{'f': 'ripple-dev-portal', 'v': 'ripple-dev-portal-Ripple'}",Ripple,6.563706563706563,21501
95,"{'f': 'docker-fdb-client', 'v': 'docker-fdb-client-Ripple'}",Ripple,0.7722007722007722,98
96,"{'f': 'ripple-rest', 'v': 'ripple-rest-Ripple'}",Ripple,7.335907335907336,2982
97,"{'f': 'rippled-historical-database', 'v': 'rippled-historical-database-Ripple'}",Ripple,3.088803088803089,2728
98,"{'f': 'rippled-network-crawler', 'v': 'rippled-network-crawler-Ripple'}",Ripple,1.9305019305019304,390
99,"{'f': 'sjcl-extended', 'v': 'sjcl-extended-Ripple'}",Ripple,1.1583011583011582,23
100,"{'f': 'rippled-subtrees', 'v': 'rippled-subtrees-Ripple'}",Ripple,0.3861003861003861,33116
101,"{'f': 'bookshelf-encrypted-fields', 'v': 'bookshelf-encrypted-fields-Ripple'}",Ripple,0.7722007722007722,113
102,"{'f': 'Primecoin', 'v': 'Primecoin'}",BlockchainProjects,0,853344
103,"{'f': 'primecoin', 'v': 'primecoin-Primecoin'}",Primecoin,96.29629629629629,28438
104,"{'f': 'primecoin.gitian.sigs', 'v': 'primecoin.gitian.sigs-Primecoin'}",Primecoin,3.7037037037037033,204
105,"{'f': 'Peercoin', 'v': 'Peercoin'}",BlockchainProjects,0,1168350
106,"{'f': 'peercoin-seeder', 'v': 'peercoin-seeder-Peercoin'}",Peercoin,8.823529411764707,155
107,"{'f': 'peercointools', 'v': 'peercointools-Peercoin'}",Peercoin,11.76470588235294,127
108,"{'f': 'docker-peercoind', 'v': 'docker-peercoind-Peercoin'}",Peercoin,2.941176470588235,54
109,"{'f': 'pywallet', 'v': 'pywallet-Peercoin'}",Peercoin,1.4705882352941175,138
110,"{'f': 'peercoin.gitian.sigs', 'v': 'peercoin.gitian.sigs-Peercoin'}",Peercoin,1.4705882352941175,229
111,"{'f': 'peercoin.net', 'v': 'peercoin.net-Peercoin'}",Peercoin,26.47058823529412,17473
112,"{'f': 'docs', 'v': 'docs-Peercoin'}",Peercoin,1.4705882352941175,750
113,"{'f': 'peercoin', 'v': 'peercoin-Peercoin'}",Peercoin,33.82352941176471,19296
114,"{'f': 'peercoin-address-generator', 'v': 'peercoin-address-generator-Peercoin'}",Peercoin,1.4705882352941175,283
115,"{'f': 'rfcs', 'v': 'rfcs-Peercoin'}",Peercoin,1.4705882352941175,164
116,"{'f': 'peercoin_rpc', 'v': 'peercoin_rpc-Peercoin'}",Peercoin,1.4705882352941175,39
117,"{'f': 'media', 'v': 'media-Peercoin'}",Peercoin,0.0,8018
118,"{'f': 'bitaddress.ppc', 'v': 'bitaddress.ppc-Peercoin'}",Peercoin,7.352941176470589,3944
119,"{'f': 'PeerNova', 'v': 'PeerNova'}",BlockchainProjects,0,145890
120,"{'f': 'Openchain', 'v': 'Openchain'}",BlockchainProjects,0,9691
121,"{'f': 'openchain', 'v': 'openchain-Openchain'}",Openchain,12.5,1864
122,"{'f': 'wallet', 'v': 'wallet-Openchain'}",Openchain,12.5,6635
123,"{'f': 'docs', 'v': 'docs-Openchain'}",Openchain,12.5,693
124,"{'f': 'docker', 'v': 'docker-Openchain'}",Openchain,12.5,24
125,"{'f': 'openchain-js', 'v': 'openchain-js-Openchain'}",Openchain,12.5,226
126,"{'f': 'mongodb-storage', 'v': 'mongodb-storage-Openchain'}",Openchain,25.0,42
127,"{'f': 'sidechain', 'v': 'sidechain-Openchain'}",Openchain,12.5,165
128,"{'f': 'OmniLayer', 'v': 'OmniLayer'}",BlockchainProjects,0,4181571
129,"{'f': 'gitian.sigs', 'v': 'gitian.sigs-OmniLayer'}",OmniLayer,1.098901098901099,475
130,"{'f': 'omniwallet-func-test', 'v': 'omniwallet-func-test-OmniLayer'}",OmniLayer,1.098901098901099,205
131,"{'f': 'omnilayer.github.io', 'v': 'omnilayer.github.io-OmniLayer'}",OmniLayer,2.197802197802198,2799
132,"{'f': 'OLEs', 'v': 'OLEs-OmniLayer'}",OmniLayer,2.197802197802198,0
133,"{'f': 'omniEngine', 'v': 'omniEngine-OmniLayer'}",OmniLayer,4.395604395604396,899
134,"{'f': 'OmniJ', 'v': 'OmniJ-OmniLayer'}",OmniLayer,1.098901098901099,3327
135,"{'f': 'omnicore', 'v': 'omnicore-OmniLayer'}",OmniLayer,24.175824175824175,64666
136,"{'f': 'omniexplorer', 'v': 'omniexplorer-OmniLayer'}",OmniLayer,2.197802197802198,2494
137,"{'f': 'omniwallet', 'v': 'omniwallet-OmniLayer'}",OmniLayer,16.483516483516482,16420
138,"{'f': 'spec', 'v': 'spec-OmniLayer'}",OmniLayer,13.186813186813188,715
139,"{'f': 'omnicore-lite', 'v': 'omnicore-lite-OmniLayer'}",OmniLayer,25.274725274725274,61700
140,"{'f': 'balanceHistory', 'v': 'balanceHistory-OmniLayer'}",OmniLayer,1.098901098901099,6
141,"{'f': 'omni-devops', 'v': 'omni-devops-OmniLayer'}",OmniLayer,2.197802197802198,4355
142,"{'f': 'OmniClientJS', 'v': 'OmniClientJS-OmniLayer'}",OmniLayer,2.197802197802198,25
143,"{'f': 'omniapi', 'v': 'omniapi-OmniLayer'}",OmniLayer,1.098901098901099,300
144,"{'f': 'Namecoin', 'v': 'Namecoin'}",BlockchainProjects,0,5536313
145,"{'f': 'dns-prop279', 'v': 'dns-prop279-Namecoin'}",Namecoin,9.174311926605505,8872
146,"{'f': 'namecoin.info-dotbit', 'v': 'namecoin.info-dotbit-Namecoin'}",Namecoin,0.0,803
147,"{'f': 'namecoin-core', 'v': 'namecoin-core-Namecoin'}",Namecoin,11.009174311926607,87489
148,"{'f': 'ncdns', 'v': 'ncdns-Namecoin'}",Namecoin,0.45871559633027525,294
149,"{'f': 'crosssignnameconstraint', 'v': 'crosssignnameconstraint-Namecoin'}",Namecoin,0.0,26
150,"{'f': 'tlsrestrictnss', 'v': 'tlsrestrictnss-Namecoin'}",Namecoin,0.0,32
151,"{'f': 'NamecoinToBind', 'v': 'NamecoinToBind-Namecoin'}",Namecoin,0.45871559633027525,212
152,"{'f': 'ncdns-nsis', 'v': 'ncdns-nsis-Namecoin'}",Namecoin,0.45871559633027525,130
153,"{'f': 'nameid', 'v': 'nameid-Namecoin'}",Namecoin,0.45871559633027525,520
154,"{'f': 'namecoin.org', 'v': 'namecoin.org-Namecoin'}",Namecoin,1.3761467889908259,5129
155,"{'f': 'gitian.sigs', 'v': 'gitian.sigs-Namecoin'}",Namecoin,1.834862385321101,312
156,"{'f': 'wiki', 'v': 'wiki-Namecoin'}",Namecoin,1.834862385321101,4227
157,"{'f': 'Convergence', 'v': 'Convergence-Namecoin'}",Namecoin,7.339449541284404,1309
158,"{'f': 'meta', 'v': 'meta-Namecoin'}",Namecoin,0.0,12
159,"{'f': 'proposals', 'v': 'proposals-Namecoin'}",Namecoin,0.9174311926605505,170
160,"{'f': 'BitcoinArmory', 'v': 'BitcoinArmory-Namecoin'}",Namecoin,1.834862385321101,69568
161,"{'f': 'nmcontrol', 'v': 'nmcontrol-Namecoin'}",Namecoin,3.211009174311927,798
162,"{'f': 'namecoin-canaries', 'v': 'namecoin-canaries-Namecoin'}",Namecoin,1.3761467889908259,23
163,"{'f': 'TorNS', 'v': 'TorNS-Namecoin'}",Namecoin,0.45871559633027525,11
164,"{'f': 'libcoin', 'v': 'libcoin-Namecoin'}",Namecoin,12.844036697247708,6537
165,"{'f': 'namecoin-graphics', 'v': 'namecoin-graphics-Namecoin'}",Namecoin,0.45871559633027525,25127
166,"{'f': 'namecoin.info', 'v': 'namecoin.info-Namecoin'}",Namecoin,2.293577981651376,7805
167,"{'f': 'electrumx', 'v': 'electrumx-Namecoin'}",Namecoin,9.63302752293578,1612
168,"{'f': 'consensusj', 'v': 'consensusj-Namecoin'}",Namecoin,0.9174311926605505,4695
169,"{'f': 'namecoin-legacy', 'v': 'namecoin-legacy-Namecoin'}",Namecoin,9.174311926605505,25446
170,"{'f': 'electrum-nmc', 'v': 'electrum-nmc-Namecoin'}",Namecoin,10.550458715596331,17079
171,"{'f': 'libdohj', 'v': 'libdohj-Namecoin'}",Namecoin,11.926605504587156,14226
172,"{'f': 'NAVCoin', 'v': 'NAVCoin'}",BlockchainProjects,0,251302
173,"{'f': 'nav-docker', 'v': 'nav-docker-NAVCoin'}",NAVCoin,17.24137931034483,24
174,"{'f': 'nav-community-site', 'v': 'nav-community-site-NAVCoin'}",NAVCoin,17.24137931034483,11604
175,"{'f': 'navcoin-org', 'v': 'navcoin-org-NAVCoin'}",NAVCoin,3.4482758620689653,9078
176,"{'f': 'navcoin-seeder', 'v': 'navcoin-seeder-NAVCoin'}",NAVCoin,44.827586206896555,205
177,"{'f': 'navcoin-core', 'v': 'navcoin-core-NAVCoin'}",NAVCoin,17.24137931034483,17579
178,"{'f': 'Multichain', 'v': 'Multichain'}",BlockchainProjects,0,1549070
179,"{'f': 'sample-bitcoinj', 'v': 'sample-bitcoinj-Multichain'}",Multichain,36.61971830985916,16053
180,"{'f': 'multichain-web-demo', 'v': 'multichain-web-demo-Multichain'}",Multichain,2.8169014084507045,61
181,"{'f': 'multichain', 'v': 'multichain-Multichain'}",Multichain,2.8169014084507045,3418
182,"{'f': 'sample-BitcoinWallet', 'v': 'sample-BitcoinWallet-Multichain'}",Multichain,1.4084507042253522,474
183,"{'f': 'multichain-explorer', 'v': 'multichain-explorer-Multichain'}",Multichain,15.492957746478872,2432
184,"{'f': 'azure-quickstart-templates', 'v': 'azure-quickstart-templates-Multichain'}",Multichain,39.436619718309856,33484
185,"{'f': 'sample-BitcoinCore', 'v': 'sample-BitcoinCore-Multichain'}",Multichain,1.4084507042253522,282
186,"{'f': 'MonetaryUnit', 'v': 'MonetaryUnit'}",BlockchainProjects,0,6087321
187,"{'f': 'insight', 'v': 'insight-MonetaryUnit'}",MonetaryUnit,6.338028169014084,2948
188,"{'f': 'bitcore-payment-protocol', 'v': 'bitcore-payment-protocol-MonetaryUnit'}",MonetaryUnit,4.225352112676056,1466
189,"{'f': 'insight-api', 'v': 'insight-api-MonetaryUnit'}",MonetaryUnit,9.507042253521126,2524
190,"{'f': 'docs', 'v': 'docs-MonetaryUnit'}",MonetaryUnit,5.28169014084507,16280
191,"{'f': 'angular-bitcore-wallet-client', 'v': 'angular-bitcore-wallet-client-MonetaryUnit'}",MonetaryUnit,1.056338028169014,13036
192,"{'f': 'electrum', 'v': 'electrum-MonetaryUnit'}",MonetaryUnit,7.746478873239436,12466
193,"{'f': 'bitcore-wallet-client', 'v': 'bitcore-wallet-client-MonetaryUnit'}",MonetaryUnit,3.169014084507042,9800
194,"{'f': 'monetaryunit-seeder', 'v': 'monetaryunit-seeder-MonetaryUnit'}",MonetaryUnit,3.5211267605633805,262
195,"{'f': 'electrum-server', 'v': 'electrum-server-MonetaryUnit'}",MonetaryUnit,8.450704225352112,1124
196,"{'f': 'copay', 'v': 'copay-MonetaryUnit'}",MonetaryUnit,9.507042253521126,93209
197,"{'f': 'MonetaryUnit-Azure', 'v': 'MonetaryUnit-Azure-MonetaryUnit'}",MonetaryUnit,0.35211267605633806,58
198,"{'f': 'monetaryunit-wallet', 'v': 'monetaryunit-wallet-MonetaryUnit'}",MonetaryUnit,0.35211267605633806,52559
199,"{'f': 'bitcore-wallet-service', 'v': 'bitcore-wallet-service-MonetaryUnit'}",MonetaryUnit,5.28169014084507,1365
200,"{'f': 'MUE-Src', 'v': 'MUE-Src-MonetaryUnit'}",MonetaryUnit,8.80281690140845,33150
201,"{'f': 'bitcore', 'v': 'bitcore-MonetaryUnit'}",MonetaryUnit,9.507042253521126,13762
202,"{'f': 'dust-cleaner', 'v': 'dust-cleaner-MonetaryUnit'}",MonetaryUnit,0.35211267605633806,136
203,"{'f': 'monetaryunitj', 'v': 'monetaryunitj-MonetaryUnit'}",MonetaryUnit,6.690140845070422,20029
204,"{'f': 'bitcore-build', 'v': 'bitcore-build-MonetaryUnit'}",MonetaryUnit,1.056338028169014,104
205,"{'f': 'sgminer', 'v': 'sgminer-MonetaryUnit'}",MonetaryUnit,5.985915492957746,13114
206,"{'f': 'bitcore-wallet-utils', 'v': 'bitcore-wallet-utils-MonetaryUnit'}",MonetaryUnit,2.8169014084507045,623
207,"{'f': 'Monax', 'v': 'Monax'}",BlockchainProjects,0,2227004
208,"{'f': 'legacy-contracts.js', 'v': 'legacy-contracts.js-Monax'}",Monax,4.225352112676056,808
209,"{'f': 'monax-vagrant', 'v': 'monax-vagrant-Monax'}",Monax,2.112676056338028,43
210,"{'f': 'tendermint', 'v': 'tendermint-Monax'}",Monax,18.30985915492958,17044
211,"{'f': 'bosmarmot', 'v': 'bosmarmot-Monax'}",Monax,2.112676056338028,41209
212,"{'f': 'sqlsol', 'v': 'sqlsol-Monax'}",Monax,1.4084507042253522,65
213,"{'f': 'legacy-db.js', 'v': 'legacy-db.js-Monax'}",Monax,4.929577464788732,1834
214,"{'f': 'monax', 'v': 'monax-Monax'}",Monax,11.267605633802818,22215
215,"{'f': 'solidity', 'v': 'solidity-Monax'}",Monax,16.19718309859155,18555
216,"{'f': 'merkleeyes', 'v': 'merkleeyes-Monax'}",Monax,4.225352112676056,425
217,"{'f': 'keys.js', 'v': 'keys.js-Monax'}",Monax,2.8169014084507045,89
218,"{'f': 'hoard-js', 'v': 'hoard-js-Monax'}",Monax,0.7042253521126761,18
219,"{'f': 'relic', 'v': 'relic-Monax'}",Monax,0.7042253521126761,22
220,"{'f': 'keys', 'v': 'keys-Monax'}",Monax,6.338028169014084,1495
221,"{'f': 'hoard', 'v': 'hoard-Monax'}",Monax,3.5211267605633805,18110
222,"{'f': 'iavl', 'v': 'iavl-Monax'}",Monax,7.042253521126761,604
223,"{'f': 'compilers', 'v': 'compilers-Monax'}",Monax,5.633802816901409,10467
224,"{'f': 'burrow', 'v': 'burrow-Monax'}",Monax,8.450704225352112,32345
225,"{'f': 'Mincoin', 'v': 'Mincoin'}",BlockchainProjects,0,762122
226,"{'f': 'graphics', 'v': 'graphics-Mincoin'}",Mincoin,3.7037037037037033,2088
227,"{'f': 'mincoin-whitepaper', 'v': 'mincoin-whitepaper-Mincoin'}",Mincoin,3.7037037037037033,1274
228,"{'f': 'mincoin', 'v': 'mincoin-Mincoin'}",Mincoin,92.5925925925926,25292
229,"{'f': 'Megacoin', 'v': 'Megacoin'}",BlockchainProjects,0,557970
230,"{'f': 'MazaCoin', 'v': 'MazaCoin'}",BlockchainProjects,0,7478028
231,"{'f': 'gitian.sigs', 'v': 'gitian.sigs-MazaCoin'}",MazaCoin,0.5319148936170213,61
232,"{'f': 'mazacoin.org', 'v': 'mazacoin.org-MazaCoin'}",MazaCoin,1.0638297872340425,4655
233,"{'f': 'maza', 'v': 'maza-MazaCoin'}",MazaCoin,12.76595744680851,71817
234,"{'f': 'portage-overlay', 'v': 'portage-overlay-MazaCoin'}",MazaCoin,0.5319148936170213,55
235,"{'f': 'p2pool', 'v': 'p2pool-MazaCoin'}",MazaCoin,11.170212765957446,3272
236,"{'f': 'mazacoinpaperwallet', 'v': 'mazacoinpaperwallet-MazaCoin'}",MazaCoin,2.127659574468085,37292
237,"{'f': 'mazacoinj-new', 'v': 'mazacoinj-new-MazaCoin'}",MazaCoin,14.361702127659576,16005
238,"{'f': 'graphics', 'v': 'graphics-MazaCoin'}",MazaCoin,0.5319148936170213,1289
239,"{'f': 'MazaCoin', 'v': 'MazaCoin-MazaCoin'}",MazaCoin,1.0638297872340425,20994
240,"{'f': 'mazacoin-qt', 'v': 'mazacoin-qt-MazaCoin'}",MazaCoin,12.76595744680851,66701
241,"{'f': 'mazacoin-seeder', 'v': 'mazacoin-seeder-MazaCoin'}",MazaCoin,3.1914893617021276,149
242,"{'f': 'maza_ios', 'v': 'maza_ios-MazaCoin'}",MazaCoin,0.0,1831
243,"{'f': 'mazacoin-new', 'v': 'mazacoin-new-MazaCoin'}",MazaCoin,12.76595744680851,40843
244,"{'f': 'mazacoin-android', 'v': 'mazacoin-android-MazaCoin'}",MazaCoin,11.702127659574469,32970
245,"{'f': 'mazacore', 'v': 'mazacore-MazaCoin'}",MazaCoin,15.425531914893616,7932
246,"{'f': 'Komodo', 'v': 'Komodo'}",BlockchainProjects,0,14558647
247,"{'f': 'komodo-web-deploy', 'v': 'komodo-web-deploy-Komodo'}",Komodo,0.4807692307692308,224
248,"{'f': 'dbexplorer_pgsql', 'v': 'dbexplorer_pgsql-Komodo'}",Komodo,0.4807692307692308,3220
249,"{'f': 'trackchanges', 'v': 'trackchanges-Komodo'}",Komodo,1.9230769230769231,139
250,"{'f': 'Komodo-Sublime-Keybinds', 'v': 'Komodo-Sublime-Keybinds-Komodo'}",Komodo,0.4807692307692308,132
251,"{'f': 'Mel', 'v': 'Mel-Komodo'}",Komodo,0.9615384615384616,221
252,"{'f': 'docpad-plugin-scheduling', 'v': 'docpad-plugin-scheduling-Komodo'}",Komodo,0.9615384615384616,118
253,"{'f': 'komodo-color-schemes', 'v': 'komodo-color-schemes-Komodo'}",Komodo,0.9615384615384616,89
254,"{'f': 'dita', 'v': 'dita-Komodo'}",Komodo,0.4807692307692308,219
255,"{'f': 'Spacemodo-Skin', 'v': 'Spacemodo-Skin-Komodo'}",Komodo,0.9615384615384616,2090
256,"{'f': 'Packages', 'v': 'Packages-Komodo'}",Komodo,12.01923076923077,164
257,"{'f': 'documentation', 'v': 'documentation-Komodo'}",Komodo,13.942307692307693,1060
258,"{'f': 'Todo', 'v': 'Todo-Komodo'}",Komodo,1.4423076923076923,78
259,"{'f': 'github-commits-widget', 'v': 'github-commits-widget-Komodo'}",Komodo,4.326923076923077,327
260,"{'f': 'komodo-documentation', 'v': 'komodo-documentation-Komodo'}",Komodo,1.4423076923076923,5441
261,"{'f': 'node-github', 'v': 'node-github-Komodo'}",Komodo,14.423076923076922,941
262,"{'f': 'Abyss-Skin', 'v': 'Abyss-Skin-Komodo'}",Komodo,1.4423076923076923,444
263,"{'f': 'stylish', 'v': 'stylish-Komodo'}",Komodo,1.9230769230769231,1059
264,"{'f': 'Classic-Skin', 'v': 'Classic-Skin-Komodo'}",Komodo,0.4807692307692308,308
265,"{'f': 'komodo-website', 'v': 'komodo-website-Komodo'}",Komodo,3.3653846153846154,358521
266,"{'f': 'Mark-Text-Macro', 'v': 'Mark-Text-Macro-Komodo'}",Komodo,0.4807692307692308,120
267,"{'f': 'base16-builder', 'v': 'base16-builder-Komodo'}",Komodo,13.461538461538462,549
268,"{'f': 'SideBySideDiff', 'v': 'SideBySideDiff-Komodo'}",Komodo,0.4807692307692308,2723
269,"{'f': 'middleman-komodo_resources', 'v': 'middleman-komodo_resources-Komodo'}",Komodo,0.9615384615384616,83513
270,"{'f': 'docpad-plugin-partials', 'v': 'docpad-plugin-partials-Komodo'}",Komodo,2.8846153846153846,210
271,"{'f': 'komodo-ru', 'v': 'komodo-ru-Komodo'}",Komodo,0.9615384615384616,503
272,"{'f': 'komodo-go', 'v': 'komodo-go-Komodo'}",Komodo,3.8461538461538463,527
273,"{'f': 'KomodoEdit', 'v': 'KomodoEdit-Komodo'}",Komodo,9.615384615384617,501250
274,"{'f': 'macros', 'v': 'macros-Komodo'}",Komodo,2.8846153846153846,639
275,"{'f': 'markdown-viewer', 'v': 'markdown-viewer-Komodo'}",Komodo,1.4423076923076923,843
276,"{'f': 'kopy.io-addon', 'v': 'kopy.io-addon-Komodo'}",Komodo,0.4807692307692308,120
277,"{'f': 'Hyperledger', 'v': 'Hyperledger'}",BlockchainProjects,0,14680559
278,"{'f': 'fabric-test-resources', 'v': 'fabric-test-resources-Hyperledger'}",Hyperledger,0.5277044854881267,8
279,"{'f': 'indy-plenum', 'v': 'indy-plenum-Hyperledger'}",Hyperledger,6.33245382585752,7910
280,"{'f': 'iroha-javascript', 'v': 'iroha-javascript-Hyperledger'}",Hyperledger,1.3192612137203166,367
281,"{'f': 'blockchain-explorer', 'v': 'blockchain-explorer-Hyperledger'}",Hyperledger,2.638522427440633,138917
282,"{'f': 'cello', 'v': 'cello-Hyperledger'}",Hyperledger,3.95778364116095,11304
283,"{'f': 'hyperledger', 'v': 'hyperledger-Hyperledger'}",Hyperledger,3.95778364116095,3249
284,"{'f': 'composer-tools', 'v': 'composer-tools-Hyperledger'}",Hyperledger,3.95778364116095,8559
285,"{'f': 'fabric-sdk-py', 'v': 'fabric-sdk-py-Hyperledger'}",Hyperledger,3.430079155672823,829
286,"{'f': 'composer-sample-applications', 'v': 'composer-sample-applications-Hyperledger'}",Hyperledger,3.16622691292876,35657
287,"{'f': 'iroha-ios', 'v': 'iroha-ios-Hyperledger'}",Hyperledger,0.5277044854881267,34939
288,"{'f': 'composer-vscode-plugin', 'v': 'composer-vscode-plugin-Hyperledger'}",Hyperledger,1.58311345646438,244
289,"{'f': 'composer', 'v': 'composer-Hyperledger'}",Hyperledger,6.068601583113456,181383
290,"{'f': 'fabric-sdk-java', 'v': 'fabric-sdk-java-Hyperledger'}",Hyperledger,3.16622691292876,1979
291,"{'f': 'iroha-network-tools', 'v': 'iroha-network-tools-Hyperledger'}",Hyperledger,0.2638522427440633,4
292,"{'f': 'indy-anoncreds', 'v': 'indy-anoncreds-Hyperledger'}",Hyperledger,4.221635883905013,6714
293,"{'f': 'fabric-chaintool', 'v': 'fabric-chaintool-Hyperledger'}",Hyperledger,1.8469656992084433,692
294,"{'f': 'iroha-python', 'v': 'iroha-python-Hyperledger'}",Hyperledger,0.79155672823219,649
295,"{'f': 'composer-sample-models', 'v': 'composer-sample-models-Hyperledger'}",Hyperledger,2.1108179419525066,248
296,"{'f': 'iroha-android', 'v': 'iroha-android-Hyperledger'}",Hyperledger,0.5277044854881267,35292
297,"{'f': 'fabric-baseimage', 'v': 'fabric-baseimage-Hyperledger'}",Hyperledger,3.430079155672823,1425
298,"{'f': 'iroha', 'v': 'iroha-Hyperledger'}",Hyperledger,7.12401055408971,45644
299,"{'f': 'indy-node', 'v': 'indy-node-Hyperledger'}",Hyperledger,5.540897097625329,8278
300,"{'f': 'composer-atom-plugin', 'v': 'composer-atom-plugin-Hyperledger'}",Hyperledger,1.58311345646438,54
301,"{'f': 'burrow', 'v': 'burrow-Hyperledger'}",Hyperledger,3.16622691292876,33896
302,"{'f': 'sawtooth-core', 'v': 'sawtooth-core-Hyperledger'}",Hyperledger,5.277044854881266,25752
303,"{'f': 'fabric', 'v': 'fabric-Hyperledger'}",Hyperledger,5.013192612137203,67101
304,"{'f': 'fabric-ca', 'v': 'fabric-ca-Hyperledger'}",Hyperledger,5.277044854881266,22352
305,"{'f': 'ci-management', 'v': 'ci-management-Hyperledger'}",Hyperledger,2.9023746701846966,1718
306,"{'f': 'fabric-sdk-node', 'v': 'fabric-sdk-node-Hyperledger'}",Hyperledger,5.540897097625329,3180
307,"{'f': 'composer-sample-networks', 'v': 'composer-sample-networks-Hyperledger'}",Hyperledger,4.749340369393139,735
308,"{'f': 'Goldcoin', 'v': 'Goldcoin'}",BlockchainProjects,0,4175738
309,"{'f': 'goldcoin-android', 'v': 'goldcoin-android-Goldcoin'}",Goldcoin,3.3333333333333335,7687
310,"{'f': 'paperwallet', 'v': 'paperwallet-Goldcoin'}",Goldcoin,0.0,1164
311,"{'f': 'goldcoin', 'v': 'goldcoin-Goldcoin'}",Goldcoin,80.0,104215
312,"{'f': 'java-experiment', 'v': 'java-experiment-Goldcoin'}",Goldcoin,6.666666666666667,57778
313,"{'f': 'gitian.sigs.GLD', 'v': 'gitian.sigs.GLD-Goldcoin'}",Goldcoin,0.0,48
314,"{'f': 'goldcoin-0.7.5', 'v': 'goldcoin-0.7.5-Goldcoin'}",Goldcoin,10.0,303153
315,"{'f': 'Ethereum', 'v': 'Ethereum'}",BlockchainProjects,0,24131062
316,"{'f': 'emacs-solidity', 'v': 'emacs-solidity-Ethereum'}",Ethereum,2.356902356902357,98
317,"{'f': 'system-testing', 'v': 'system-testing-Ethereum'}",Ethereum,1.0101010101010102,1089
318,"{'f': 'ethereum-buildbot', 'v': 'ethereum-buildbot-Ethereum'}",Ethereum,2.356902356902357,554
319,"{'f': 'pyethsaletool', 'v': 'pyethsaletool-Ethereum'}",Ethereum,0.33670033670033667,487
320,"{'f': 'serpent', 'v': 'serpent-Ethereum'}",Ethereum,4.377104377104377,3480
321,"{'f': 'ethdev-site', 'v': 'ethdev-site-Ethereum'}",Ethereum,0.6734006734006733,10551
322,"{'f': 'tests', 'v': 'tests-Ethereum'}",Ethereum,6.7340067340067336,124992
323,"{'f': 'ethereumj', 'v': 'ethereumj-Ethereum'}",Ethereum,9.427609427609427,46028
324,"{'f': 'pyethereum', 'v': 'pyethereum-Ethereum'}",Ethereum,7.744107744107744,5495
325,"{'f': 'news', 'v': 'news-Ethereum'}",Ethereum,0.6734006734006733,2325
326,"{'f': 'dapp-bin', 'v': 'dapp-bin-Ethereum'}",Ethereum,4.040404040404041,794
327,"{'f': 'tryethereum', 'v': 'tryethereum-Ethereum'}",Ethereum,0.0,595
328,"{'f': 'wiki', 'v': 'wiki-Ethereum'}",Ethereum,7.4074074074074066,3759
329,"{'f': 'foundation', 'v': 'foundation-Ethereum'}",Ethereum,0.6734006734006733,5699
330,"{'f': 'evmjit', 'v': 'evmjit-Ethereum'}",Ethereum,4.713804713804714,2127
331,"{'f': 'ethereum-dockers', 'v': 'ethereum-dockers-Ethereum'}",Ethereum,2.356902356902357,69
332,"{'f': 'go-build', 'v': 'go-build-Ethereum'}",Ethereum,1.6835016835016834,10400
333,"{'f': 'homebrew-ethereum', 'v': 'homebrew-ethereum-Ethereum'}",Ethereum,5.05050505050505,1306
334,"{'f': 'go-ethereum', 'v': 'go-ethereum-Ethereum'}",Ethereum,7.744107744107744,97369
335,"{'f': 'ethereum-ppa', 'v': 'ethereum-ppa-Ethereum'}",Ethereum,1.0101010101010102,300
336,"{'f': 'ethereum.org', 'v': 'ethereum.org-Ethereum'}",Ethereum,1.0101010101010102,25100
337,"{'f': 'www', 'v': 'www-Ethereum'}",Ethereum,2.0202020202020203,83092
338,"{'f': 'node-ethereum', 'v': 'node-ethereum-Ethereum'}",Ethereum,1.0101010101010102,840
339,"{'f': 'economic-modeling', 'v': 'economic-modeling-Ethereum'}",Ethereum,0.0,167
340,"{'f': 'web3.js', 'v': 'web3.js-Ethereum'}",Ethereum,8.080808080808081,30883
341,"{'f': 'cpp-ethereum', 'v': 'cpp-ethereum-Ethereum'}",Ethereum,7.744107744107744,53956
342,"{'f': 'yellowpaper', 'v': 'yellowpaper-Ethereum'}",Ethereum,8.754208754208754,3270
343,"{'f': 'serpent-go', 'v': 'serpent-go-Ethereum'}",Ethereum,1.0101010101010102,231
344,"{'f': 'Epiphyte', 'v': 'Epiphyte'}",BlockchainProjects,0,4174
345,"{'f': 'steam-helpers', 'v': 'steam-helpers-Epiphyte'}",Epiphyte,4.545454545454546,69
346,"{'f': 'matrix-d-api', 'v': 'matrix-d-api-Epiphyte'}",Epiphyte,4.545454545454546,41
347,"{'f': 'phab-http', 'v': 'phab-http-Epiphyte'}",Epiphyte,4.545454545454546,39
348,"{'f': 'radiucal', 'v': 'radiucal-Epiphyte'}",Epiphyte,4.545454545454546,289
349,"{'f': 'matrix-bot', 'v': 'matrix-bot-Epiphyte'}",Epiphyte,4.545454545454546,336
350,"{'f': 'goutils', 'v': 'goutils-Epiphyte'}",Epiphyte,4.545454545454546,31
351,"{'f': 'repository', 'v': 'repository-Epiphyte'}",Epiphyte,4.545454545454546,206
352,"{'f': 'smirc', 'v': 'smirc-Epiphyte'}",Epiphyte,4.545454545454546,119
353,"{'f': 'freeradius', 'v': 'freeradius-Epiphyte'}",Epiphyte,4.545454545454546,754
354,"{'f': 'phabricator-d-api', 'v': 'phabricator-d-api-Epiphyte'}",Epiphyte,4.545454545454546,80
355,"{'f': 'servers', 'v': 'servers-Epiphyte'}",Epiphyte,4.545454545454546,86
356,"{'f': 'phabricator-tools', 'v': 'phabricator-tools-Epiphyte'}",Epiphyte,4.545454545454546,334
357,"{'f': 'pkgbuilds', 'v': 'pkgbuilds-Epiphyte'}",Epiphyte,4.545454545454546,636
358,"{'f': 'survey', 'v': 'survey-Epiphyte'}",Epiphyte,4.545454545454546,245
359,"{'f': 'adventure-core', 'v': 'adventure-core-Epiphyte'}",Epiphyte,4.545454545454546,131
360,"{'f': 'prodtools', 'v': 'prodtools-Epiphyte'}",Epiphyte,4.545454545454546,47
361,"{'f': 'grumbler', 'v': 'grumbler-Epiphyte'}",Epiphyte,4.545454545454546,51
362,"{'f': 'wsw', 'v': 'wsw-Epiphyte'}",Epiphyte,4.545454545454546,109
363,"{'f': 'feedme', 'v': 'feedme-Epiphyte'}",Epiphyte,4.545454545454546,26
364,"{'f': 'appiphyte', 'v': 'appiphyte-Epiphyte'}",Epiphyte,4.545454545454546,434
365,"{'f': 'binlogmon', 'v': 'binlogmon-Epiphyte'}",Epiphyte,4.545454545454546,75
366,"{'f': 'atomicroscopy', 'v': 'atomicroscopy-Epiphyte'}",Epiphyte,4.545454545454546,36
367,"{'f': 'Emercoin', 'v': 'Emercoin'}",BlockchainProjects,0,2458962
368,"{'f': 'emcssh', 'v': 'emcssh-Emercoin'}",Emercoin,3.6363636363636362,35
369,"{'f': 'emcproxy', 'v': 'emcproxy-Emercoin'}",Emercoin,3.6363636363636362,15
370,"{'f': 'emcdpo', 'v': 'emcdpo-Emercoin'}",Emercoin,5.454545454545454,77
371,"{'f': 'emctools', 'v': 'emctools-Emercoin'}",Emercoin,1.8181818181818181,8
372,"{'f': 'emclnx', 'v': 'emclnx-Emercoin'}",Emercoin,1.8181818181818181,32
373,"{'f': 'emcid-plugin-bitrixcms', 'v': 'emcid-plugin-bitrixcms-Emercoin'}",Emercoin,1.8181818181818181,270
374,"{'f': 'emcid-plugin-wordpress', 'v': 'emcid-plugin-wordpress-Emercoin'}",Emercoin,3.6363636363636362,32
375,"{'f': 'emcid', 'v': 'emcid-Emercoin'}",Emercoin,3.6363636363636362,81
376,"{'f': 'emcid-plugin-octobercms', 'v': 'emcid-plugin-octobercms-Emercoin'}",Emercoin,3.6363636363636362,20
377,"{'f': 'BanMoron', 'v': 'BanMoron-Emercoin'}",Emercoin,1.8181818181818181,14
378,"{'f': 'emcid-plugin-drupal', 'v': 'emcid-plugin-drupal-Emercoin'}",Emercoin,3.6363636363636362,33
379,"{'f': 'emcssl', 'v': 'emcssl-Emercoin'}",Emercoin,1.8181818181818181,15
380,"{'f': 'emcvote', 'v': 'emcvote-Emercoin'}",Emercoin,5.454545454545454,98
381,"{'f': 'SN-Publisher', 'v': 'SN-Publisher-Emercoin'}",Emercoin,0.0,2988
382,"{'f': 'docs', 'v': 'docs-Emercoin'}",Emercoin,1.8181818181818181,10016
383,"{'f': 'bitcoinController', 'v': 'bitcoinController-Emercoin'}",Emercoin,1.8181818181818181,49
384,"{'f': 'EMC_DPO_QR', 'v': 'EMC_DPO_QR-Emercoin'}",Emercoin,1.8181818181818181,0
385,"{'f': 'EmerVPN', 'v': 'EmerVPN-Emercoin'}",Emercoin,1.8181818181818181,18
386,"{'f': 'emcweb', 'v': 'emcweb-Emercoin'}",Emercoin,7.2727272727272725,14516
387,"{'f': 'emercoin', 'v': 'emercoin-Emercoin'}",Emercoin,43.63636363636363,78110
388,"{'f': 'Due', 'v': 'Due'}",BlockchainProjects,0,214
389,"{'f': 'blog-posts', 'v': 'blog-posts-Due'}",Due,0.0,0
390,"{'f': 'Due-Magento-2', 'v': 'Due-Magento-2-Due'}",Due,16.666666666666664,135
391,"{'f': 'aws-codepipeline-s3-aws-codedeploy_linux', 'v': 'aws-codepipeline-s3-aws-codedeploy_linux-Due'}",Due,50.0,12
392,"{'f': 'Due-Magento-1', 'v': 'Due-Magento-1-Due'}",Due,16.666666666666664,24
393,"{'f': 'php-ecom-sdk', 'v': 'php-ecom-sdk-Due'}",Due,16.666666666666664,19
394,"{'f': 'Dogecoin', 'v': 'Dogecoin'}",BlockchainProjects,0,4135297
395,"{'f': 'dogecoin.com', 'v': 'dogecoin.com-Dogecoin'}",Dogecoin,17.391304347826086,3022
396,"{'f': 'dogecoin', 'v': 'dogecoin-Dogecoin'}",Dogecoin,36.231884057971016,121571
397,"{'f': 'gitian.sigs', 'v': 'gitian.sigs-Dogecoin'}",Dogecoin,5.797101449275362,1022
398,"{'f': 'dogecoin-detached-sigs', 'v': 'dogecoin-detached-sigs-Dogecoin'}",Dogecoin,1.4492753623188406,640
399,"{'f': 'dips', 'v': 'dips-Dogecoin'}",Dogecoin,1.4492753623188406,219
400,"{'f': 'libdohj', 'v': 'libdohj-Dogecoin'}",Dogecoin,37.68115942028986,14226
401,"{'f': 'Devcoin', 'v': 'Devcoin'}",BlockchainProjects,0,52348
402,"{'f': 'core', 'v': 'core-Devcoin'}",Devcoin,40.0,11486
403,"{'f': 'block_explorer', 'v': 'block_explorer-Devcoin'}",Devcoin,40.0,666
404,"{'f': 'receivers', 'v': 'receivers-Devcoin'}",Devcoin,0.0,104
405,"{'f': 'block_explorer-theme', 'v': 'block_explorer-theme-Devcoin'}",Devcoin,20.0,4968
406,"{'f': 'Decred', 'v': 'Decred'}",BlockchainProjects,0,8409327
407,"{'f': 'decred-seeder', 'v': 'decred-seeder-Decred'}",Decred,3.111111111111111,215
408,"{'f': 'dcraddrgen', 'v': 'dcraddrgen-Decred'}",Decred,1.7777777777777777,80
409,"{'f': 'bitset', 'v': 'bitset-Decred'}",Decred,0.6666666666666667,16
410,"{'f': 'crypto-browserify', 'v': 'crypto-browserify-Decred'}",Decred,5.111111111111112,304
411,"{'f': 'Paymetheus', 'v': 'Paymetheus-Decred'}",Decred,1.3333333333333335,1174
412,"{'f': 'dcrutil', 'v': 'dcrutil-Decred'}",Decred,2.888888888888889,483
413,"{'f': 'cgminer', 'v': 'cgminer-Decred'}",Decred,5.111111111111112,14402
414,"{'f': 'bitcore-wallet-service', 'v': 'bitcore-wallet-service-Decred'}",Decred,3.5555555555555554,2101
415,"{'f': 'bitcore-lib', 'v': 'bitcore-lib-Decred'}",Decred,6.0,7542
416,"{'f': 'decred-release', 'v': 'decred-release-Decred'}",Decred,1.5555555555555556,163
417,"{'f': 'dcrrpcclient', 'v': 'dcrrpcclient-Decred'}",Decred,4.444444444444445,722
418,"{'f': 'dcrd', 'v': 'dcrd-Decred'}",Decred,6.666666666666667,23628
419,"{'f': 'RFPs', 'v': 'RFPs-Decred'}",Decred,1.5555555555555556,7035
420,"{'f': 'bitcore', 'v': 'bitcore-Decred'}",Decred,6.444444444444445,9528
421,"{'f': 'bitcore-wallet-utils', 'v': 'bitcore-wallet-utils-Decred'}",Decred,1.7777777777777777,552
422,"{'f': 'ccminer', 'v': 'ccminer-Decred'}",Decred,1.3333333333333335,65400
423,"{'f': 'dcrweb', 'v': 'dcrweb-Decred'}",Decred,4.444444444444445,91293
424,"{'f': 'ed25519', 'v': 'ed25519-Decred'}",Decred,1.1111111111111112,176
425,"{'f': 'dcrwallet', 'v': 'dcrwallet-Decred'}",Decred,6.222222222222222,7862
426,"{'f': 'dcrdocs', 'v': 'dcrdocs-Decred'}",Decred,5.555555555555555,11709
427,"{'f': 'insight', 'v': 'insight-Decred'}",Decred,5.333333333333334,3406
428,"{'f': 'crypto-js', 'v': 'crypto-js-Decred'}",Decred,0.2222222222222222,19101
429,"{'f': 'bitcore-mnemonic', 'v': 'bitcore-mnemonic-Decred'}",Decred,2.2222222222222223,983
430,"{'f': 'insight-api', 'v': 'insight-api-Decred'}",Decred,5.777777777777778,2775
431,"{'f': 'bitcore-wallet', 'v': 'bitcore-wallet-Decred'}",Decred,1.1111111111111112,255
432,"{'f': 'dcrstakepool', 'v': 'dcrstakepool-Decred'}",Decred,3.3333333333333335,1497
433,"{'f': 'dcr-netstats', 'v': 'dcr-netstats-Decred'}",Decred,1.5555555555555556,7581
434,"{'f': 'angular-bitcore-wallet-client', 'v': 'angular-bitcore-wallet-client-Decred'}",Decred,0.6666666666666667,20327
435,"{'f': 'copay', 'v': 'copay-Decred'}",Decred,6.222222222222222,83484
436,"{'f': 'bitcore-wallet-client', 'v': 'bitcore-wallet-client-Decred'}",Decred,2.888888888888889,20036
437,"{'f': 'ConsenSys', 'v': 'ConsenSys'}",BlockchainProjects,0,712270
438,"{'f': 'pycaptureth', 'v': 'pycaptureth-ConsenSys'}",ConsenSys,0.0,17
439,"{'f': 'reflux-tx', 'v': 'reflux-tx-ConsenSys'}",ConsenSys,0.0,1590
440,"{'f': 'dao-wars', 'v': 'dao-wars-ConsenSys'}",ConsenSys,1.3333333333333335,491
441,"{'f': 'eth-netstats', 'v': 'eth-netstats-ConsenSys'}",ConsenSys,5.333333333333334,9202
442,"{'f': 'dapp-store-contracts', 'v': 'dapp-store-contracts-ConsenSys'}",ConsenSys,1.3333333333333335,48
443,"{'f': 'contract-viewer', 'v': 'contract-viewer-ConsenSys'}",ConsenSys,1.3333333333333335,30
444,"{'f': 'ethjsonrpc', 'v': 'ethjsonrpc-ConsenSys'}",ConsenSys,9.333333333333334,98
445,"{'f': 'Token-Factory', 'v': 'Token-Factory-ConsenSys'}",ConsenSys,4.0,2811
446,"{'f': 'storm', 'v': 'storm-ConsenSys'}",ConsenSys,1.3333333333333335,226
447,"{'f': 'ConsenSys.github.io', 'v': 'ConsenSys.github.io-ConsenSys'}",ConsenSys,2.666666666666667,2264
448,"{'f': 'btcrelay-fetchd', 'v': 'btcrelay-fetchd-ConsenSys'}",ConsenSys,1.3333333333333335,13
449,"{'f': 'keyserver', 'v': 'keyserver-ConsenSys'}",ConsenSys,1.3333333333333335,150
450,"{'f': 'eth-lightwallet', 'v': 'eth-lightwallet-ConsenSys'}",ConsenSys,22.666666666666664,19291
451,"{'f': 'hooked-web3-provider', 'v': 'hooked-web3-provider-ConsenSys'}",ConsenSys,2.666666666666667,551
452,"{'f': 'Tokens', 'v': 'Tokens-ConsenSys'}",ConsenSys,17.333333333333336,693
453,"{'f': 'addresstoip', 'v': 'addresstoip-ConsenSys'}",ConsenSys,1.3333333333333335,19
454,"{'f': 'Ethereum-Development-Best-Practices', 'v': 'Ethereum-Development-Best-Practices-ConsenSys'}",ConsenSys,1.3333333333333335,120
455,"{'f': 'blockapps-web3', 'v': 'blockapps-web3-ConsenSys'}",ConsenSys,2.666666666666667,1377
456,"{'f': 'solidity-logo', 'v': 'solidity-logo-ConsenSys'}",ConsenSys,1.3333333333333335,124
457,"{'f': 'ether-crawler', 'v': 'ether-crawler-ConsenSys'}",ConsenSys,4.0,8835
458,"{'f': 'addresstourl', 'v': 'addresstourl-ConsenSys'}",ConsenSys,1.3333333333333335,16
459,"{'f': 'eth-stdlib', 'v': 'eth-stdlib-ConsenSys'}",ConsenSys,1.3333333333333335,93
460,"{'f': 'icebox', 'v': 'icebox-ConsenSys'}",ConsenSys,5.333333333333334,2099
461,"{'f': 'ipfs.js', 'v': 'ipfs.js-ConsenSys'}",ConsenSys,1.3333333333333335,953
462,"{'f': 'btcrelay', 'v': 'btcrelay-ConsenSys'}",ConsenSys,2.666666666666667,60824
463,"{'f': 'etherMAX', 'v': 'etherMAX-ConsenSys'}",ConsenSys,1.3333333333333335,244
464,"{'f': 'Flare', 'v': 'Flare-ConsenSys'}",ConsenSys,2.666666666666667,38561
465,"{'f': 'identity-provider', 'v': 'identity-provider-ConsenSys'}",ConsenSys,1.3333333333333335,487
466,"{'f': 'Coinbase', 'v': 'Coinbase'}",BlockchainProjects,0,132255
467,"{'f': 'traffic_jam', 'v': 'traffic_jam-Coinbase'}",Coinbase,2.242152466367713,68
468,"{'f': 'multisig-tool', 'v': 'multisig-tool-Coinbase'}",Coinbase,3.1390134529147984,347
469,"{'f': 'coinbase-android-sdk', 'v': 'coinbase-android-sdk-Coinbase'}",Coinbase,1.345291479820628,18
470,"{'f': 'coinbase-spree', 'v': 'coinbase-spree-Coinbase'}",Coinbase,0.4484304932735426,258
471,"{'f': 'coinbase-ubercart', 'v': 'coinbase-ubercart-Coinbase'}",Coinbase,0.4484304932735426,184
472,"{'f': 'coinbase-php', 'v': 'coinbase-php-Coinbase'}",Coinbase,6.726457399103139,229
473,"{'f': 'coinbase-zencart', 'v': 'coinbase-zencart-Coinbase'}",Coinbase,0.8968609865470852,171
474,"{'f': 'coinbase-android-sdk-example', 'v': 'coinbase-android-sdk-example-Coinbase'}",Coinbase,0.4484304932735426,255
475,"{'f': 'coinbase-wpecommerce', 'v': 'coinbase-wpecommerce-Coinbase'}",Coinbase,0.8968609865470852,362
476,"{'f': 'coinbase-tip-discourse', 'v': 'coinbase-tip-discourse-Coinbase'}",Coinbase,0.4484304932735426,196
477,"{'f': 'coinbase-magento', 'v': 'coinbase-magento-Coinbase'}",Coinbase,1.7937219730941705,336
478,"{'f': 'coinbase-javascript-sdk', 'v': 'coinbase-javascript-sdk-Coinbase'}",Coinbase,0.4484304932735426,147
479,"{'f': 'faraday-restrict-ip-addresses', 'v': 'faraday-restrict-ip-addresses-Coinbase'}",Coinbase,1.7937219730941705,20
480,"{'f': 'bip38', 'v': 'bip38-Coinbase'}",Coinbase,1.345291479820628,378
481,"{'f': 'softhsm-client', 'v': 'softhsm-client-Coinbase'}",Coinbase,0.8968609865470852,100
482,"{'f': 'coinbase-node', 'v': 'coinbase-node-Coinbase'}",Coinbase,5.829596412556054,134
483,"{'f': 'coinbase-exchange-node', 'v': 'coinbase-exchange-node-Coinbase'}",Coinbase,6.278026905829597,74
484,"{'f': 'coinbase-bitmonet-sdk', 'v': 'coinbase-bitmonet-sdk-Coinbase'}",Coinbase,0.8968609865470852,1070
485,"{'f': 'coinbase-python', 'v': 'coinbase-python-Coinbase'}",Coinbase,5.829596412556054,126
486,"{'f': 'coinbase-woocommerce', 'v': 'coinbase-woocommerce-Coinbase'}",Coinbase,1.345291479820628,327
487,"{'f': 'coinbase-wordpress', 'v': 'coinbase-wordpress-Coinbase'}",Coinbase,1.7937219730941705,753
488,"{'f': 'bittip', 'v': 'bittip-Coinbase'}",Coinbase,0.4484304932735426,229
489,"{'f': 'geoip-data', 'v': 'geoip-data-Coinbase'}",Coinbase,0.4484304932735426,33350
490,"{'f': 'omnicontacts', 'v': 'omnicontacts-Coinbase'}",Coinbase,8.968609865470851,245
491,"{'f': 'coinbase-ios-sdk', 'v': 'coinbase-ios-sdk-Coinbase'}",Coinbase,4.0358744394618835,550
492,"{'f': 'coinbase-java', 'v': 'coinbase-java-Coinbase'}",Coinbase,3.1390134529147984,872
493,"{'f': 'modified-doorkeeper', 'v': 'modified-doorkeeper-Coinbase'}",Coinbase,13.452914798206278,1431
494,"{'f': 'coinbase-tip-wordpress', 'v': 'coinbase-tip-wordpress-Coinbase'}",Coinbase,0.4484304932735426,104
495,"{'f': 'omniauth-coinbase', 'v': 'omniauth-coinbase-Coinbase'}",Coinbase,11.659192825112108,71
496,"{'f': 'coinbase-ruby', 'v': 'coinbase-ruby-Coinbase'}",Coinbase,12.10762331838565,363
497,"{'f': 'Bloq', 'v': 'Bloq'}",BlockchainProjects,0,5818521
498,"{'f': 'http-json-proxy', 'v': 'http-json-proxy-Bloq'}",Bloq,1.7699115044247788,125
499,"{'f': 'package-template', 'v': 'package-template-Bloq'}",Bloq,0.8849557522123894,54
500,"{'f': 'pif', 'v': 'pif-Bloq'}",Bloq,0.8849557522123894,74
501,"{'f': 'hdwallet', 'v': 'hdwallet-Bloq'}",Bloq,4.424778761061947,114
502,"{'f': 'bitcore-node', 'v': 'bitcore-node-Bloq'}",Bloq,16.8141592920354,42462
503,"{'f': 'eslint-config-bloq', 'v': 'eslint-config-bloq-Bloq'}",Bloq,1.7699115044247788,128
504,"{'f': 'copay', 'v': 'copay-Bloq'}",Bloq,24.778761061946902,76588
505,"{'f': 'ora', 'v': 'ora-Bloq'}",Bloq,3.5398230088495577,208
506,"{'f': 'bitcoin', 'v': 'bitcoin-Bloq'}",Bloq,20.353982300884958,59369
507,"{'f': 'colored-coins-sdk', 'v': 'colored-coins-sdk-Bloq'}",Bloq,0.8849557522123894,4509
508,"{'f': 'waljs', 'v': 'waljs-Bloq'}",Bloq,1.7699115044247788,52
509,"{'f': 'web3.js', 'v': 'web3.js-Bloq'}",Bloq,20.353982300884958,30711
510,"{'f': 'cpptrade', 'v': 'cpptrade-Bloq'}",Bloq,0.8849557522123894,376
511,"{'f': 'unisrv', 'v': 'unisrv-Bloq'}",Bloq,0.8849557522123894,55
512,"{'f': 'Blockstream', 'v': 'Blockstream'}",BlockchainProjects,0,11219
513,"{'f': 'contracthashtool', 'v': 'contracthashtool-Blockstream'}",Blockstream,21.21212121212121,40
514,"{'f': 'satellite', 'v': 'satellite-Blockstream'}",Blockstream,6.0606060606060606,600
515,"{'f': 'borromean_paper', 'v': 'borromean_paper-Blockstream'}",Blockstream,3.0303030303030303,687
516,"{'f': 'gitian-builder', 'v': 'gitian-builder-Blockstream'}",Blockstream,69.6969696969697,259
517,"{'f': 'Blockcypher', 'v': 'Blockcypher'}",BlockchainProjects,0,177404
518,"{'f': 'bcwallet', 'v': 'bcwallet-Blockcypher'}",Blockcypher,0.9523809523809524,148
519,"{'f': 'gobcy', 'v': 'gobcy-Blockcypher'}",Blockcypher,0.9523809523809524,77
520,"{'f': 'blockcypher-python', 'v': 'blockcypher-python-Blockcypher'}",Blockcypher,11.428571428571429,349
521,"{'f': 'eth-docs', 'v': 'eth-docs-Blockcypher'}",Blockcypher,1.9047619047619049,393
522,"{'f': 'btcutils', 'v': 'btcutils-Blockcypher'}",Blockcypher,0.9523809523809524,7
523,"{'f': 'cryptosigner', 'v': 'cryptosigner-Blockcypher'}",Blockcypher,1.9047619047619049,210
524,"{'f': 'ruby-client', 'v': 'ruby-client-Blockcypher'}",Blockcypher,10.476190476190476,69
525,"{'f': 'explorer', 'v': 'explorer-Blockcypher'}",Blockcypher,4.761904761904762,892
526,"{'f': 'php-client', 'v': 'php-client-Blockcypher'}",Blockcypher,2.857142857142857,3530
527,"{'f': 'documentation', 'v': 'documentation-Blockcypher'}",Blockcypher,3.8095238095238098,5262
528,"{'f': 'java-client', 'v': 'java-client-Blockcypher'}",Blockcypher,0.9523809523809524,520
529,"{'f': 'redigo', 'v': 'redigo-Blockcypher'}",Blockcypher,14.285714285714285,324
530,"{'f': 'radix', 'v': 'radix-Blockcypher'}",Blockcypher,7.6190476190476195,3361
531,"{'f': 'php-wallet-sample', 'v': 'php-wallet-sample-Blockcypher'}",Blockcypher,0.9523809523809524,920
532,"{'f': 'docs', 'v': 'docs-Blockcypher'}",Blockcypher,25.71428571428571,2727
533,"{'f': 'node-client', 'v': 'node-client-Blockcypher'}",Blockcypher,4.761904761904762,15
534,"{'f': 'g2s', 'v': 'g2s-Blockcypher'}",Blockcypher,5.714285714285714,23
535,"{'f': 'Bitswift', 'v': 'Bitswift'}",BlockchainProjects,0,127459
536,"{'f': 'Velvet', 'v': 'Velvet-Bitswift'}",Bitswift,5.88235294117647,4010
537,"{'f': 'specta', 'v': 'specta-Bitswift'}",Bitswift,11.76470588235294,790
538,"{'f': 'twui', 'v': 'twui-Bitswift'}",Bitswift,41.17647058823529,5708
539,"{'f': 'CocoaLumberjack', 'v': 'CocoaLumberjack-Bitswift'}",Bitswift,17.647058823529413,893
540,"{'f': 'expecta', 'v': 'expecta-Bitswift'}",Bitswift,17.647058823529413,763
541,"{'f': 'Proton', 'v': 'Proton-Bitswift'}",Bitswift,5.88235294117647,1558
542,"{'f': 'Bitpagos', 'v': 'Bitpagos'}",BlockchainProjects,0,800
543,"{'f': 'bitpagos-woocommerce', 'v': 'bitpagos-woocommerce-Bitpagos'}",Bitpagos,14.285714285714285,100
544,"{'f': 'django-shop-bitcoin', 'v': 'django-shop-bitcoin-Bitpagos'}",Bitpagos,14.285714285714285,116
545,"{'f': 'bitpagos-opencart', 'v': 'bitpagos-opencart-Bitpagos'}",Bitpagos,14.285714285714285,136
546,"{'f': 'bitpagos-prestashop', 'v': 'bitpagos-prestashop-Bitpagos'}",Bitpagos,14.285714285714285,120
547,"{'f': 'bitpagos-wp-commerce', 'v': 'bitpagos-wp-commerce-Bitpagos'}",Bitpagos,14.285714285714285,100
548,"{'f': 'bitpagos-magento', 'v': 'bitpagos-magento-Bitpagos'}",Bitpagos,14.285714285714285,124
549,"{'f': 'bitpagos-zencart', 'v': 'bitpagos-zencart-Bitpagos'}",Bitpagos,14.285714285714285,104
550,"{'f': 'Bitcoin', 'v': 'Bitcoin'}",BlockchainProjects,0,6529984
551,"{'f': 'bips', 'v': 'bips-Bitcoin'}",Bitcoin,43.333333333333336,4516
552,"{'f': 'libbase58', 'v': 'libbase58-Bitcoin'}",Bitcoin,8.333333333333332,38
553,"{'f': 'bitcoin', 'v': 'bitcoin-Bitcoin'}",Bitcoin,40.0,104255
554,"{'f': 'libblkmaker', 'v': 'libblkmaker-Bitcoin'}",Bitcoin,8.333333333333332,266
555,"{'f': 'BitPay', 'v': 'BitPay'}",BlockchainProjects,0,3491417
556,"{'f': 'translations', 'v': 'translations-BitPay'}",BitPay,0.9803921568627451,966
557,"{'f': 'prestashop-plugin', 'v': 'prestashop-plugin-BitPay'}",BitPay,3.2679738562091507,157
558,"{'f': 'node-bufferput', 'v': 'node-bufferput-BitPay'}",BitPay,0.32679738562091504,9
559,"{'f': 'wally', 'v': 'wally-BitPay'}",BitPay,0.32679738562091504,168
560,"{'f': 'whmcs-plugin', 'v': 'whmcs-plugin-BitPay'}",BitPay,3.2679738562091507,84
561,"{'f': 'restler', 'v': 'restler-BitPay'}",BitPay,8.823529411764707,1067
562,"{'f': 'classtool', 'v': 'classtool-BitPay'}",BitPay,0.6535947712418301,138
563,"{'f': 'commerce-seo-plugin', 'v': 'commerce-seo-plugin-BitPay'}",BitPay,1.6339869281045754,49
564,"{'f': 'bootstrap', 'v': 'bootstrap-BitPay'}",BitPay,8.169934640522875,72855
565,"{'f': 'zencart-plugin', 'v': 'zencart-plugin-BitPay'}",BitPay,1.9607843137254901,64
566,"{'f': 'bitcore', 'v': 'bitcore-BitPay'}",BitPay,8.823529411764707,15427
567,"{'f': 'opencart-plugin', 'v': 'opencart-plugin-BitPay'}",BitPay,3.594771241830065,156
568,"{'f': 'magento-plugin', 'v': 'magento-plugin-BitPay'}",BitPay,3.9215686274509802,611
569,"{'f': 'coretools', 'v': 'coretools-BitPay'}",BitPay,0.32679738562091504,265
570,"{'f': 'php-bitpay-client', 'v': 'php-bitpay-client-BitPay'}",BitPay,7.18954248366013,1211
571,"{'f': 'insight', 'v': 'insight-BitPay'}",BitPay,8.823529411764707,6562
572,"{'f': 'ruby-client', 'v': 'ruby-client-BitPay'}",BitPay,6.209150326797386,495
573,"{'f': 'cjdns', 'v': 'cjdns-BitPay'}",BitPay,7.516339869281046,17593
574,"{'f': 'nodejs-client', 'v': 'nodejs-client-BitPay'}",BitPay,1.6339869281045754,159
575,"{'f': 'oscommerce-plugin', 'v': 'oscommerce-plugin-BitPay'}",BitPay,2.941176470588235,90
576,"{'f': 'virtuemart-plugin', 'v': 'virtuemart-plugin-BitPay'}",BitPay,2.287581699346405,78
577,"{'f': 'perl-client', 'v': 'perl-client-BitPay'}",BitPay,1.6339869281045754,226
578,"{'f': 'ubercart-plugin', 'v': 'ubercart-plugin-BitPay'}",BitPay,2.287581699346405,117
579,"{'f': 'ecwid-plugin', 'v': 'ecwid-plugin-BitPay'}",BitPay,1.9607843137254901,31
580,"{'f': 'cosign-old', 'v': 'cosign-old-BitPay'}",BitPay,0.6535947712418301,612
581,"{'f': 'demo.bitcore.io', 'v': 'demo.bitcore.io-BitPay'}",BitPay,0.32679738562091504,103
582,"{'f': 'wordpress-ecommerce-plugin', 'v': 'wordpress-ecommerce-plugin-BitPay'}",BitPay,2.941176470588235,130
583,"{'f': 'xcartgold-plugin', 'v': 'xcartgold-plugin-BitPay'}",BitPay,2.287581699346405,24
584,"{'f': 'ubercart7-plugin', 'v': 'ubercart7-plugin-BitPay'}",BitPay,1.9607843137254901,428
585,"{'f': 'woocommerce-plugin', 'v': 'woocommerce-plugin-BitPay'}",BitPay,3.2679738562091507,939
586,"{'f': 'Anoncoin', 'v': 'Anoncoin'}",BlockchainProjects,0,6356113
587,"{'f': 'bitcoin-seeder', 'v': 'bitcoin-seeder-Anoncoin'}",Anoncoin,2.013422818791946,128
588,"{'f': 'ufo_server', 'v': 'ufo_server-Anoncoin'}",Anoncoin,0.0,220
589,"{'f': 'jsaddr.anoncoin.net', 'v': 'jsaddr.anoncoin.net-Anoncoin'}",Anoncoin,2.684563758389262,951
590,"{'f': 'electrum-anc', 'v': 'electrum-anc-Anoncoin'}",Anoncoin,15.436241610738255,22400
591,"{'f': 'project', 'v': 'project-Anoncoin'}",Anoncoin,0.6711409395973155,4660
592,"{'f': 'cuckoo', 'v': 'cuckoo-Anoncoin'}",Anoncoin,2.013422818791946,11965
593,"{'f': 'anoncoin-website', 'v': 'anoncoin-website-Anoncoin'}",Anoncoin,0.6711409395973155,9521
594,"{'f': 'anoncoin.github.io', 'v': 'anoncoin.github.io-Anoncoin'}",Anoncoin,0.6711409395973155,7397
595,"{'f': 'litecore-lib', 'v': 'litecore-lib-Anoncoin'}",Anoncoin,18.79194630872483,11326
596,"{'f': 'ufo_client', 'v': 'ufo_client-Anoncoin'}",Anoncoin,0.0,408
597,"{'f': 'oldrepo-backup', 'v': 'oldrepo-backup-Anoncoin'}",Anoncoin,14.76510067114094,71654
598,"{'f': 'libzerocoin', 'v': 'libzerocoin-Anoncoin'}",Anoncoin,2.013422818791946,534
599,"{'f': 'libsnark', 'v': 'libsnark-Anoncoin'}",Anoncoin,10.06711409395973,10981
600,"{'f': 'anoncoin', 'v': 'anoncoin-Anoncoin'}",Anoncoin,14.76510067114094,71862
601,"{'f': 'stealth', 'v': 'stealth-Anoncoin'}",Anoncoin,0.6711409395973155,144
602,"{'f': 'actor-framework', 'v': 'actor-framework-Anoncoin'}",Anoncoin,14.76510067114094,25508
